order_id,issued_by,issued_to_hospital,severity_level,message,required_by_date,resource_type,quantity,status,created_at
O2000,de93c71e,H103,low,Request for Insulin to support incoming cases,2025-11-22T23:56:41.553681,Insulin,450,pending,2025-11-20T22:56:41.553681
O2001,de93c71e,H100,critical,Request for Bandages to support incoming cases,2025-11-21T02:56:41.554351,Bandages,276,in_progress,2025-11-19T20:56:41.554351
O2002,4d7aaecc,H101,low,Request for Saline to support incoming cases,2025-11-23T00:56:41.554950,Saline,125,pending,2025-11-22T00:56:41.554950
O2003,32387502,H100,high,Request for PPE to support incoming cases,2025-11-22T15:56:41.555550,PPE,95,fulfilled,2025-11-19T22:56:41.555550
O2004,8dad94ab,H102,medium,Request for Antibiotics to support incoming cases,2025-11-21T22:56:41.556064,Antibiotics,447,in_progress,2025-11-20T21:56:41.556064
O2005,8dad94ab,H102,low,Request for Blood O+ to support incoming cases,2025-11-24T11:56:41.556616,Blood O+,412,fulfilled,2025-11-21T02:56:41.556616
O2006,de93c71e,H102,low,Request for IV Sets to support incoming cases,2025-11-20T14:56:41.557103,IV Sets,241,in_progress,2025-11-20T04:56:41.557103
O2007,de93c71e,H100,medium,Request for Gauze to support incoming cases,2025-11-22T04:56:41.557650,Gauze,319,fulfilled,2025-11-19T21:56:41.557650
O2008,49928acc,H103,medium,Request for Insulin to support incoming cases,2025-11-23T12:56:41.558205,Insulin,470,fulfilled,2025-11-21T13:56:41.558205
O2009,32387502,H100,critical,Request for Bandages to support incoming cases,2025-11-24T01:56:41.558803,Bandages,235,pending,2025-11-22T00:56:41.558803
O2010,68a1a912,H100,medium,Request for Saline to support incoming cases,2025-11-22T19:56:41.559301,Saline,131,fulfilled,2025-11-20T05:56:41.559301
O2011,68a1a912,H102,medium,Request for PPE to support incoming cases,2025-11-23T08:56:41.559860,PPE,195,in_progress,2025-11-21T01:56:41.559860
O2012,49928acc,H102,medium,Request for Antibiotics to support incoming cases,2025-11-21T13:56:41.560397,Antibiotics,38,in_progress,2025-11-20T19:56:41.560397
O2013,f2e2d783,H102,low,Request for Blood O+ to support incoming cases,2025-11-23T18:56:41.560959,Blood O+,375,fulfilled,2025-11-21T18:56:41.560959
O2014,32387502,H102,medium,Request for IV Sets to support incoming cases,2025-11-21T09:56:41.561492,IV Sets,163,pending,2025-11-20T11:56:41.561492
O2015,f2e2d783,H103,medium,Request for Gauze to support incoming cases,2025-11-21T17:56:41.562075,Gauze,334,fulfilled,2025-11-20T19:56:41.562075
O2016,de93c71e,H103,low,Request for Insulin to support incoming cases,2025-11-20T23:56:41.562639,Insulin,265,pending,2025-11-20T15:56:41.562639
O2017,1ff87cd5,H102,low,Request for Bandages to support incoming cases,2025-11-21T05:56:41.563156,Bandages,490,pending,2025-11-19T23:56:41.563156
O2018,32387502,H100,high,Request for Saline to support incoming cases,2025-11-24T23:56:41.563631,Saline,156,fulfilled,2025-11-22T01:56:41.563631
O2019,49928acc,H102,low,Request for PPE to support incoming cases,2025-11-25T07:56:41.564159,PPE,453,pending,2025-11-21T21:56:41.564159
O2020,68a1a912,H101,medium,Request for Antibiotics to support incoming cases,2025-11-20T16:56:41.564638,Antibiotics,374,fulfilled,2025-11-20T05:56:41.564638
O2021,a7ea0cac,H103,low,Request for Blood O+ to support incoming cases,2025-11-23T16:56:41.565102,Blood O+,317,pending,2025-11-21T01:56:41.565102
O2022,f2e2d783,H103,medium,Request for IV Sets to support incoming cases,2025-11-23T18:56:41.565679,IV Sets,467,fulfilled,2025-11-21T13:56:41.565679
O2023,8dad94ab,H103,medium,Request for Gauze to support incoming cases,2025-11-23T07:56:41.566186,Gauze,398,in_progress,2025-11-21T01:56:41.566186
O2024,68a1a912,H101,low,Request for Insulin to support incoming cases,2025-11-23T10:56:41.566764,Insulin,415,in_progress,2025-11-21T20:56:41.566764
O2025,4d7aaecc,H100,low,Request for Bandages to support incoming cases,2025-11-20T16:56:41.567276,Bandages,369,pending,2025-11-19T19:56:41.567276
O2026,85b88aad,H103,high,Request for Saline to support incoming cases,2025-11-20T20:56:41.567817,Saline,468,pending,2025-11-19T20:56:41.567817
O2027,a7ea0cac,H103,medium,Request for PPE to support incoming cases,2025-11-21T02:56:41.568281,PPE,457,in_progress,2025-11-20T17:56:41.568281
O2028,4d7aaecc,H101,low,Request for Antibiotics to support incoming cases,2025-11-24T08:56:41.568831,Antibiotics,202,in_progress,2025-11-22T03:56:41.568831
O2029,573eb3d6,H102,low,Request for Blood O+ to support incoming cases,2025-11-22T18:56:41.569305,Blood O+,410,in_progress,2025-11-21T19:56:41.569305
O2030,32387502,H103,low,Request for IV Sets to support incoming cases,2025-11-23T05:56:41.569852,IV Sets,234,pending,2025-11-22T13:56:41.569852
O2031,32387502,H103,low,Request for Gauze to support incoming cases,2025-11-22T13:56:41.570388,Gauze,61,pending,2025-11-21T01:56:41.570388
O2032,a7ea0cac,H103,low,Request for Insulin to support incoming cases,2025-11-20T17:56:41.570968,Insulin,332,in_progress,2025-11-20T03:56:41.570968
O2033,57d367a2,H101,medium,Request for Bandages to support incoming cases,2025-11-23T14:56:41.571456,Bandages,372,fulfilled,2025-11-21T19:56:41.571456
O2034,4d7aaecc,H101,medium,Request for Saline to support incoming cases,2025-11-21T13:56:41.572004,Saline,297,pending,2025-11-20T08:56:41.572004
O2035,4d7aaecc,H100,medium,Request for PPE to support incoming cases,2025-11-22T21:56:41.572527,PPE,493,fulfilled,2025-11-19T18:56:41.572527
O2036,57d367a2,H103,medium,Request for Antibiotics to support incoming cases,2025-11-20T12:56:41.573063,Antibiotics,452,in_progress,2025-11-20T01:56:41.573063
O2037,85b88aad,H100,low,Request for Blood O+ to support incoming cases,2025-11-24T07:56:41.573575,Blood O+,187,fulfilled,2025-11-22T05:56:41.573575
O2038,573eb3d6,H102,medium,Request for IV Sets to support incoming cases,2025-11-24T11:56:41.574121,IV Sets,73,fulfilled,2025-11-22T08:56:41.574121
O2039,68a1a912,H103,low,Request for Gauze to support incoming cases,2025-11-23T14:56:41.574637,Gauze,361,pending,2025-11-20T00:56:41.574637
