user_id,name,role,hospital_id,email,phone
57d367a2,Dr. Al-Nour Director,director,H100,h100_director@example.org,+1004668136
32387502,Dr. Amin Al-Nour,doctor,H100,doc_h100_0@example.org,+1004903402
68a1a912,Dr. Lina Al-Nour,doctor,H100,doc_h100_1@example.org,+1009478454
1ff87cd5,Dr. Yusuf Al-Nour,doctor,H100,doc_h100_2@example.org,+1001445199
49928acc,Dr. Mercy Director,director,H101,h101_director@example.org,+1004335942
a7ea0cac,Dr. Amin Mercy,doctor,H101,doc_h101_0@example.org,+1008038374
85b88aad,Dr. Lina Mercy,doctor,H101,doc_h101_1@example.org,+1004698379
f2e2d783,Dr. Yusuf Mercy,doctor,H101,doc_h101_2@example.org,+1008536477
de93c71e,Dr. Eastern Director,director,H102,h102_director@example.org,+1005667265
0d114a53,Dr. Amin Eastern,doctor,H102,doc_h102_0@example.org,+1001109031
4d7aaecc,Dr. Lina Eastern,doctor,H102,doc_h102_1@example.org,+1003678638
6d3d117f,Dr. Yusuf Eastern,doctor,H102,doc_h102_2@example.org,+1008090293
573eb3d6,Dr. Harbor Director,director,H103,h103_director@example.org,+1006708456
34a3b073,Dr. Amin Harbor,doctor,H103,doc_h103_0@example.org,+1005661907
8dad94ab,Dr. Lina Harbor,doctor,H103,doc_h103_1@example.org,+1003608513
5136d91b,Dr. Yusuf Harbor,doctor,H103,doc_h103_2@example.org,+1004612365
