patient_id,name,hospital_id,assigned_doctor_id,blood_type,allergies,active_prescriptions,last_visit,condition_summary,golden_packet_snippet
P1000,Patient P1000,H102,0d114a53,O-,Peanuts,Amoxicillin,2025-10-15,Trauma,"{""patient_id"":""P1000"",""blood_type"":""O-"",""allergies"":""Peanuts"",""active_prescriptions"":[""Amoxicillin""],""last_visit"":""2025-10-15"",""cond"":""Trauma""}"
P1001,Patient P1001,H100,1ff87cd5,A+,Latex,,2025-11-17,Pregnancy,"{""patient_id"":""P1001"",""blood_type"":""A+"",""allergies"":""Latex"",""active_prescriptions"":[],""last_visit"":""2025-11-17"",""cond"":""Pregnancy""}"
P1002,Patient P1002,H102,6d3d117f,O-,Peanuts,,2025-10-17,Diabetes,"{""patient_id"":""P1002"",""blood_type"":""O-"",""allergies"":""Peanuts"",""active_prescriptions"":[],""last_visit"":""2025-10-17"",""cond"":""Diabetes""}"
P1003,Patient P1003,H100,32387502,O-,Peanuts,,2025-11-17,Fracture,"{""patient_id"":""P1003"",""blood_type"":""O-"",""allergies"":""Peanuts"",""active_prescriptions"":[],""last_visit"":""2025-11-17"",""cond"":""Fracture""}"
P1004,Patient P1004,H101,a7ea0cac,A-,Peanuts,Antibiotic ointment;Amoxicillin,2025-10-31,Diabetes,"{""patient_id"":""P1004"",""blood_type"":""A-"",""allergies"":""Peanuts"",""active_prescriptions"":[""Antibiotic ointment"",""Amoxicillin""],""last_visit"":""2025-10-31"",""cond"":""Diabetes""}"
P1005,Patient P1005,H102,6d3d117f,O+,Penicillin,,2025-10-15,Infection,"{""patient_id"":""P1005"",""blood_type"":""O+"",""allergies"":""Penicillin"",""active_prescriptions"":[],""last_visit"":""2025-10-15"",""cond"":""Infection""}"
P1006,Patient P1006,H101,f2e2d783,A-,Latex,,2025-10-29,Trauma,"{""patient_id"":""P1006"",""blood_type"":""A-"",""allergies"":""Latex"",""active_prescriptions"":[],""last_visit"":""2025-10-29"",""cond"":""Trauma""}"
P1007,Patient P1007,H101,f2e2d783,O-,Penicillin,Lisinopril,2025-10-02,Trauma,"{""patient_id"":""P1007"",""blood_type"":""O-"",""allergies"":""Penicillin"",""active_prescriptions"":[""Lisinopril""],""last_visit"":""2025-10-02"",""cond"":""Trauma""}"
P1008,Patient P1008,H103,8dad94ab,B-,None,Lisinopril;Paracetamol,2025-10-24,Diabetes,"{""patient_id"":""P1008"",""blood_type"":""B-"",""allergies"":""None"",""active_prescriptions"":[""Lisinopril"",""Paracetamol""],""last_visit"":""2025-10-24"",""cond"":""Diabetes""}"
P1009,Patient P1009,H102,0d114a53,B-,Sulfa,Antibiotic ointment;Saline IV,2025-10-28,Trauma,"{""patient_id"":""P1009"",""blood_type"":""B-"",""allergies"":""Sulfa"",""active_prescriptions"":[""Antibiotic ointment"",""Saline IV""],""last_visit"":""2025-10-28"",""cond"":""Trauma""}"
P1010,Patient P1010,H101,a7ea0cac,A+,None,,2025-11-19,Fracture,"{""patient_id"":""P1010"",""blood_type"":""A+"",""allergies"":""None"",""active_prescriptions"":[],""last_visit"":""2025-11-19"",""cond"":""Fracture""}"
P1011,Patient P1011,H100,32387502,O-,None,,2025-10-26,Pregnancy,"{""patient_id"":""P1011"",""blood_type"":""O-"",""allergies"":""None"",""active_prescriptions"":[],""last_visit"":""2025-10-26"",""cond"":""Pregnancy""}"
P1012,Patient P1012,H100,68a1a912,AB+,None,Saline IV;Amoxicillin,2025-09-23,Hypertension,"{""patient_id"":""P1012"",""blood_type"":""AB+"",""allergies"":""None"",""active_prescriptions"":[""Saline IV"",""Amoxicillin""],""last_visit"":""2025-09-23"",""cond"":""Hypertension""}"
P1013,Patient P1013,H100,1ff87cd5,O-,Peanuts,,2025-10-04,Infection,"{""patient_id"":""P1013"",""blood_type"":""O-"",""allergies"":""Peanuts"",""active_prescriptions"":[],""last_visit"":""2025-10-04"",""cond"":""Infection""}"
P1014,Patient P1014,H102,0d114a53,A+,None,Paracetamol,2025-09-27,Infection,"{""patient_id"":""P1014"",""blood_type"":""A+"",""allergies"":""None"",""active_prescriptions"":[""Paracetamol""],""last_visit"":""2025-09-27"",""cond"":""Infection""}"
P1015,Patient P1015,H102,6d3d117f,AB+,Penicillin,,2025-09-28,Infection,"{""patient_id"":""P1015"",""blood_type"":""AB+"",""allergies"":""Penicillin"",""active_prescriptions"":[],""last_visit"":""2025-09-28"",""cond"":""Infection""}"
P1016,Patient P1016,H102,6d3d117f,A-,None,,2025-10-30,Fracture,"{""patient_id"":""P1016"",""blood_type"":""A-"",""allergies"":""None"",""active_prescriptions"":[],""last_visit"":""2025-10-30"",""cond"":""Fracture""}"
P1017,Patient P1017,H101,f2e2d783,AB+,Penicillin,,2025-10-15,Trauma,"{""patient_id"":""P1017"",""blood_type"":""AB+"",""allergies"":""Penicillin"",""active_prescriptions"":[],""last_visit"":""2025-10-15"",""cond"":""Trauma""}"
P1018,Patient P1018,H103,34a3b073,A+,None,Amoxicillin;Lisinopril,2025-09-27,Pregnancy,"{""patient_id"":""P1018"",""blood_type"":""A+"",""allergies"":""None"",""active_prescriptions"":[""Amoxicillin"",""Lisinopril""],""last_visit"":""2025-09-27"",""cond"":""Pregnancy""}"
P1019,Patient P1019,H100,32387502,O-,Penicillin,,2025-10-05,Pregnancy,"{""patient_id"":""P1019"",""blood_type"":""O-"",""allergies"":""Penicillin"",""active_prescriptions"":[],""last_visit"":""2025-10-05"",""cond"":""Pregnancy""}"
P1020,Patient P1020,H101,a7ea0cac,AB+,None,,2025-11-06,Pregnancy,"{""patient_id"":""P1020"",""blood_type"":""AB+"",""allergies"":""None"",""active_prescriptions"":[],""last_visit"":""2025-11-06"",""cond"":""Pregnancy""}"
P1021,Patient P1021,H103,34a3b073,O-,None,,2025-10-09,Diabetes,"{""patient_id"":""P1021"",""blood_type"":""O-"",""allergies"":""None"",""active_prescriptions"":[],""last_visit"":""2025-10-09"",""cond"":""Diabetes""}"
P1022,Patient P1022,H102,4d7aaecc,O+,Peanuts,,2025-10-25,Pregnancy,"{""patient_id"":""P1022"",""blood_type"":""O+"",""allergies"":""Peanuts"",""active_prescriptions"":[],""last_visit"":""2025-10-25"",""cond"":""Pregnancy""}"
P1023,Patient P1023,H103,34a3b073,A+,Sulfa,Amoxicillin,2025-10-18,Diabetes,"{""patient_id"":""P1023"",""blood_type"":""A+"",""allergies"":""Sulfa"",""active_prescriptions"":[""Amoxicillin""],""last_visit"":""2025-10-18"",""cond"":""Diabetes""}"
P1024,Patient P1024,H101,a7ea0cac,A+,Penicillin,Lisinopril,2025-09-28,Trauma,"{""patient_id"":""P1024"",""blood_type"":""A+"",""allergies"":""Penicillin"",""active_prescriptions"":[""Lisinopril""],""last_visit"":""2025-09-28"",""cond"":""Trauma""}"
P1025,Patient P1025,H100,1ff87cd5,A-,None,Lisinopril;Saline IV,2025-09-24,Pregnancy,"{""patient_id"":""P1025"",""blood_type"":""A-"",""allergies"":""None"",""active_prescriptions"":[""Lisinopril"",""Saline IV""],""last_visit"":""2025-09-24"",""cond"":""Pregnancy""}"
P1026,Patient P1026,H103,34a3b073,O-,Latex,,2025-11-10,Hypertension,"{""patient_id"":""P1026"",""blood_type"":""O-"",""allergies"":""Latex"",""active_prescriptions"":[],""last_visit"":""2025-11-10"",""cond"":""Hypertension""}"
P1027,Patient P1027,H100,1ff87cd5,O-,None,Paracetamol;Antibiotic ointment,2025-11-19,Infection,"{""patient_id"":""P1027"",""blood_type"":""O-"",""allergies"":""None"",""active_prescriptions"":[""Paracetamol"",""Antibiotic ointment""],""last_visit"":""2025-11-19"",""cond"":""Infection""}"
P1028,Patient P1028,H100,32387502,A-,None,Insulin;Lisinopril,2025-10-19,Pneumonia,"{""patient_id"":""P1028"",""blood_type"":""A-"",""allergies"":""None"",""active_prescriptions"":[""Insulin"",""Lisinopril""],""last_visit"":""2025-10-19"",""cond"":""Pneumonia""}"
P1029,Patient P1029,H101,85b88aad,B-,None,Lisinopril;Insulin,2025-09-28,Fracture,"{""patient_id"":""P1029"",""blood_type"":""B-"",""allergies"":""None"",""active_prescriptions"":[""Lisinopril"",""Insulin""],""last_visit"":""2025-09-28"",""cond"":""Fracture""}"
P1030,Patient P1030,H100,32387502,AB+,None,,2025-11-22,Hypertension,"{""patient_id"":""P1030"",""blood_type"":""AB+"",""allergies"":""None"",""active_prescriptions"":[],""last_visit"":""2025-11-22"",""cond"":""Hypertension""}"
P1031,Patient P1031,H101,a7ea0cac,A+,None,Lisinopril;Paracetamol,2025-10-29,Hypertension,"{""patient_id"":""P1031"",""blood_type"":""A+"",""allergies"":""None"",""active_prescriptions"":[""Lisinopril"",""Paracetamol""],""last_visit"":""2025-10-29"",""cond"":""Hypertension""}"
P1032,Patient P1032,H103,8dad94ab,O-,Latex,,2025-11-04,Pneumonia,"{""patient_id"":""P1032"",""blood_type"":""O-"",""allergies"":""Latex"",""active_prescriptions"":[],""last_visit"":""2025-11-04"",""cond"":""Pneumonia""}"
P1033,Patient P1033,H103,34a3b073,AB+,None,Insulin,2025-10-19,Hypertension,"{""patient_id"":""P1033"",""blood_type"":""AB+"",""allergies"":""None"",""active_prescriptions"":[""Insulin""],""last_visit"":""2025-10-19"",""cond"":""Hypertension""}"
P1034,Patient P1034,H102,0d114a53,A-,Penicillin,Saline IV;Antibiotic ointment,2025-10-21,Hypertension,"{""patient_id"":""P1034"",""blood_type"":""A-"",""allergies"":""Penicillin"",""active_prescriptions"":[""Saline IV"",""Antibiotic ointment""],""last_visit"":""2025-10-21"",""cond"":""Hypertension""}"
P1035,Patient P1035,H101,a7ea0cac,O+,None,,2025-11-07,Pneumonia,"{""patient_id"":""P1035"",""blood_type"":""O+"",""allergies"":""None"",""active_prescriptions"":[],""last_visit"":""2025-11-07"",""cond"":""Pneumonia""}"
P1036,Patient P1036,H100,1ff87cd5,A+,Latex,Saline IV,2025-10-11,Pregnancy,"{""patient_id"":""P1036"",""blood_type"":""A+"",""allergies"":""Latex"",""active_prescriptions"":[""Saline IV""],""last_visit"":""2025-10-11"",""cond"":""Pregnancy""}"
P1037,Patient P1037,H102,4d7aaecc,B-,None,Lisinopril;Amoxicillin,2025-10-11,Infection,"{""patient_id"":""P1037"",""blood_type"":""B-"",""allergies"":""None"",""active_prescriptions"":[""Lisinopril"",""Amoxicillin""],""last_visit"":""2025-10-11"",""cond"":""Infection""}"
P1038,Patient P1038,H102,4d7aaecc,B-,Sulfa,Insulin,2025-10-17,Hypertension,"{""patient_id"":""P1038"",""blood_type"":""B-"",""allergies"":""Sulfa"",""active_prescriptions"":[""Insulin""],""last_visit"":""2025-10-17"",""cond"":""Hypertension""}"
P1039,Patient P1039,H100,1ff87cd5,A+,None,Lisinopril;Amoxicillin,2025-10-30,Trauma,"{""patient_id"":""P1039"",""blood_type"":""A+"",""allergies"":""None"",""active_prescriptions"":[""Lisinopril"",""Amoxicillin""],""last_visit"":""2025-10-30"",""cond"":""Trauma""}"
P1040,Patient P1040,H101,85b88aad,O+,Peanuts,,2025-10-14,Fracture,"{""patient_id"":""P1040"",""blood_type"":""O+"",""allergies"":""Peanuts"",""active_prescriptions"":[],""last_visit"":""2025-10-14"",""cond"":""Fracture""}"
P1041,Patient P1041,H100,1ff87cd5,B+,None,,2025-11-16,Diabetes,"{""patient_id"":""P1041"",""blood_type"":""B+"",""allergies"":""None"",""active_prescriptions"":[],""last_visit"":""2025-11-16"",""cond"":""Diabetes""}"
P1042,Patient P1042,H102,0d114a53,O+,Sulfa,,2025-11-13,Trauma,"{""patient_id"":""P1042"",""blood_type"":""O+"",""allergies"":""Sulfa"",""active_prescriptions"":[],""last_visit"":""2025-11-13"",""cond"":""Trauma""}"
P1043,Patient P1043,H102,6d3d117f,AB+,Latex,Lisinopril;Amoxicillin,2025-11-06,Fracture,"{""patient_id"":""P1043"",""blood_type"":""AB+"",""allergies"":""Latex"",""active_prescriptions"":[""Lisinopril"",""Amoxicillin""],""last_visit"":""2025-11-06"",""cond"":""Fracture""}"
P1044,Patient P1044,H100,32387502,O-,Peanuts,,2025-11-20,Hypertension,"{""patient_id"":""P1044"",""blood_type"":""O-"",""allergies"":""Peanuts"",""active_prescriptions"":[],""last_visit"":""2025-11-20"",""cond"":""Hypertension""}"
P1045,Patient P1045,H102,0d114a53,B+,None,,2025-10-06,Pneumonia,"{""patient_id"":""P1045"",""blood_type"":""B+"",""allergies"":""None"",""active_prescriptions"":[],""last_visit"":""2025-10-06"",""cond"":""Pneumonia""}"
P1046,Patient P1046,H103,5136d91b,A-,Sulfa,Antibiotic ointment,2025-11-20,Fracture,"{""patient_id"":""P1046"",""blood_type"":""A-"",""allergies"":""Sulfa"",""active_prescriptions"":[""Antibiotic ointment""],""last_visit"":""2025-11-20"",""cond"":""Fracture""}"
P1047,Patient P1047,H102,6d3d117f,B-,None,,2025-11-20,Trauma,"{""patient_id"":""P1047"",""blood_type"":""B-"",""allergies"":""None"",""active_prescriptions"":[],""last_visit"":""2025-11-20"",""cond"":""Trauma""}"
P1048,Patient P1048,H102,0d114a53,A-,None,,2025-11-07,Infection,"{""patient_id"":""P1048"",""blood_type"":""A-"",""allergies"":""None"",""active_prescriptions"":[],""last_visit"":""2025-11-07"",""cond"":""Infection""}"
P1049,Patient P1049,H100,68a1a912,O-,Latex,,2025-10-14,Infection,"{""patient_id"":""P1049"",""blood_type"":""O-"",""allergies"":""Latex"",""active_prescriptions"":[],""last_visit"":""2025-10-14"",""cond"":""Infection""}"
P1050,Patient P1050,H101,a7ea0cac,O-,None,,2025-11-11,Pneumonia,"{""patient_id"":""P1050"",""blood_type"":""O-"",""allergies"":""None"",""active_prescriptions"":[],""last_visit"":""2025-11-11"",""cond"":""Pneumonia""}"
P1051,Patient P1051,H100,32387502,B+,None,,2025-09-24,Pneumonia,"{""patient_id"":""P1051"",""blood_type"":""B+"",""allergies"":""None"",""active_prescriptions"":[],""last_visit"":""2025-09-24"",""cond"":""Pneumonia""}"
P1052,Patient P1052,H101,85b88aad,O-,Penicillin,Paracetamol,2025-09-29,Pneumonia,"{""patient_id"":""P1052"",""blood_type"":""O-"",""allergies"":""Penicillin"",""active_prescriptions"":[""Paracetamol""],""last_visit"":""2025-09-29"",""cond"":""Pneumonia""}"
P1053,Patient P1053,H101,a7ea0cac,B-,Peanuts,,2025-11-03,Fracture,"{""patient_id"":""P1053"",""blood_type"":""B-"",""allergies"":""Peanuts"",""active_prescriptions"":[],""last_visit"":""2025-11-03"",""cond"":""Fracture""}"
P1054,Patient P1054,H101,a7ea0cac,B+,Peanuts,Paracetamol,2025-09-28,Hypertension,"{""patient_id"":""P1054"",""blood_type"":""B+"",""allergies"":""Peanuts"",""active_prescriptions"":[""Paracetamol""],""last_visit"":""2025-09-28"",""cond"":""Hypertension""}"
P1055,Patient P1055,H102,4d7aaecc,B-,None,,2025-09-30,Pregnancy,"{""patient_id"":""P1055"",""blood_type"":""B-"",""allergies"":""None"",""active_prescriptions"":[],""last_visit"":""2025-09-30"",""cond"":""Pregnancy""}"
P1056,Patient P1056,H102,0d114a53,B+,Penicillin,Lisinopril;Saline IV,2025-11-16,Pregnancy,"{""patient_id"":""P1056"",""blood_type"":""B+"",""allergies"":""Penicillin"",""active_prescriptions"":[""Lisinopril"",""Saline IV""],""last_visit"":""2025-11-16"",""cond"":""Pregnancy""}"
P1057,Patient P1057,H103,8dad94ab,B+,Latex,,2025-10-15,Pregnancy,"{""patient_id"":""P1057"",""blood_type"":""B+"",""allergies"":""Latex"",""active_prescriptions"":[],""last_visit"":""2025-10-15"",""cond"":""Pregnancy""}"
P1058,Patient P1058,H100,68a1a912,A-,Peanuts,,2025-11-20,Infection,"{""patient_id"":""P1058"",""blood_type"":""A-"",""allergies"":""Peanuts"",""active_prescriptions"":[],""last_visit"":""2025-11-20"",""cond"":""Infection""}"
P1059,Patient P1059,H103,34a3b073,O-,Sulfa,,2025-10-10,Infection,"{""patient_id"":""P1059"",""blood_type"":""O-"",""allergies"":""Sulfa"",""active_prescriptions"":[],""last_visit"":""2025-10-10"",""cond"":""Infection""}"
P1060,Patient P1060,H101,85b88aad,O+,None,Saline IV;Amoxicillin,2025-11-15,Infection,"{""patient_id"":""P1060"",""blood_type"":""O+"",""allergies"":""None"",""active_prescriptions"":[""Saline IV"",""Amoxicillin""],""last_visit"":""2025-11-15"",""cond"":""Infection""}"
P1061,Patient P1061,H102,6d3d117f,O+,Peanuts,Amoxicillin;Paracetamol,2025-10-18,Diabetes,"{""patient_id"":""P1061"",""blood_type"":""O+"",""allergies"":""Peanuts"",""active_prescriptions"":[""Amoxicillin"",""Paracetamol""],""last_visit"":""2025-10-18"",""cond"":""Diabetes""}"
P1062,Patient P1062,H101,85b88aad,B-,None,,2025-10-06,Diabetes,"{""patient_id"":""P1062"",""blood_type"":""B-"",""allergies"":""None"",""active_prescriptions"":[],""last_visit"":""2025-10-06"",""cond"":""Diabetes""}"
P1063,Patient P1063,H102,4d7aaecc,A+,Peanuts,,2025-11-04,Diabetes,"{""patient_id"":""P1063"",""blood_type"":""A+"",""allergies"":""Peanuts"",""active_prescriptions"":[],""last_visit"":""2025-11-04"",""cond"":""Diabetes""}"
P1064,Patient P1064,H103,5136d91b,B+,Latex,,2025-10-25,Pneumonia,"{""patient_id"":""P1064"",""blood_type"":""B+"",""allergies"":""Latex"",""active_prescriptions"":[],""last_visit"":""2025-10-25"",""cond"":""Pneumonia""}"
P1065,Patient P1065,H101,f2e2d783,O-,None,,2025-11-12,Infection,"{""patient_id"":""P1065"",""blood_type"":""O-"",""allergies"":""None"",""active_prescriptions"":[],""last_visit"":""2025-11-12"",""cond"":""Infection""}"
P1066,Patient P1066,H100,68a1a912,O+,Sulfa,,2025-11-01,Hypertension,"{""patient_id"":""P1066"",""blood_type"":""O+"",""allergies"":""Sulfa"",""active_prescriptions"":[],""last_visit"":""2025-11-01"",""cond"":""Hypertension""}"
P1067,Patient P1067,H101,f2e2d783,A+,Penicillin,Lisinopril,2025-11-07,Pneumonia,"{""patient_id"":""P1067"",""blood_type"":""A+"",""allergies"":""Penicillin"",""active_prescriptions"":[""Lisinopril""],""last_visit"":""2025-11-07"",""cond"":""Pneumonia""}"
P1068,Patient P1068,H100,68a1a912,O+,Latex,Antibiotic ointment,2025-10-22,Pneumonia,"{""patient_id"":""P1068"",""blood_type"":""O+"",""allergies"":""Latex"",""active_prescriptions"":[""Antibiotic ointment""],""last_visit"":""2025-10-22"",""cond"":""Pneumonia""}"
P1069,Patient P1069,H101,a7ea0cac,A+,None,,2025-09-28,Fracture,"{""patient_id"":""P1069"",""blood_type"":""A+"",""allergies"":""None"",""active_prescriptions"":[],""last_visit"":""2025-09-28"",""cond"":""Fracture""}"
P1070,Patient P1070,H100,68a1a912,A-,None,Insulin;Saline IV,2025-11-15,Pneumonia,"{""patient_id"":""P1070"",""blood_type"":""A-"",""allergies"":""None"",""active_prescriptions"":[""Insulin"",""Saline IV""],""last_visit"":""2025-11-15"",""cond"":""Pneumonia""}"
P1071,Patient P1071,H101,85b88aad,AB+,Sulfa,,2025-11-02,Fracture,"{""patient_id"":""P1071"",""blood_type"":""AB+"",""allergies"":""Sulfa"",""active_prescriptions"":[],""last_visit"":""2025-11-02"",""cond"":""Fracture""}"
P1072,Patient P1072,H103,5136d91b,AB+,Latex,,2025-09-30,Pregnancy,"{""patient_id"":""P1072"",""blood_type"":""AB+"",""allergies"":""Latex"",""active_prescriptions"":[],""last_visit"":""2025-09-30"",""cond"":""Pregnancy""}"
P1073,Patient P1073,H103,34a3b073,B-,Latex,,2025-11-06,Fracture,"{""patient_id"":""P1073"",""blood_type"":""B-"",""allergies"":""Latex"",""active_prescriptions"":[],""last_visit"":""2025-11-06"",""cond"":""Fracture""}"
P1074,Patient P1074,H101,f2e2d783,B+,Latex,Antibiotic ointment;Lisinopril,2025-11-18,Infection,"{""patient_id"":""P1074"",""blood_type"":""B+"",""allergies"":""Latex"",""active_prescriptions"":[""Antibiotic ointment"",""Lisinopril""],""last_visit"":""2025-11-18"",""cond"":""Infection""}"
P1075,Patient P1075,H102,0d114a53,A-,None,Saline IV;Insulin,2025-11-08,Pneumonia,"{""patient_id"":""P1075"",""blood_type"":""A-"",""allergies"":""None"",""active_prescriptions"":[""Saline IV"",""Insulin""],""last_visit"":""2025-11-08"",""cond"":""Pneumonia""}"
P1076,Patient P1076,H101,f2e2d783,AB+,Latex,Paracetamol;Amoxicillin,2025-10-27,Hypertension,"{""patient_id"":""P1076"",""blood_type"":""AB+"",""allergies"":""Latex"",""active_prescriptions"":[""Paracetamol"",""Amoxicillin""],""last_visit"":""2025-10-27"",""cond"":""Hypertension""}"
P1077,Patient P1077,H101,85b88aad,B-,Latex,Saline IV,2025-11-22,Trauma,"{""patient_id"":""P1077"",""blood_type"":""B-"",""allergies"":""Latex"",""active_prescriptions"":[""Saline IV""],""last_visit"":""2025-11-22"",""cond"":""Trauma""}"
P1078,Patient P1078,H102,4d7aaecc,O-,Latex,,2025-10-19,Infection,"{""patient_id"":""P1078"",""blood_type"":""O-"",""allergies"":""Latex"",""active_prescriptions"":[],""last_visit"":""2025-10-19"",""cond"":""Infection""}"
P1079,Patient P1079,H101,85b88aad,B-,Peanuts,Paracetamol;Insulin,2025-10-11,Infection,"{""patient_id"":""P1079"",""blood_type"":""B-"",""allergies"":""Peanuts"",""active_prescriptions"":[""Paracetamol"",""Insulin""],""last_visit"":""2025-10-11"",""cond"":""Infection""}"
P1080,Patient P1080,H103,5136d91b,AB+,Penicillin,Lisinopril;Saline IV,2025-09-25,Pneumonia,"{""patient_id"":""P1080"",""blood_type"":""AB+"",""allergies"":""Penicillin"",""active_prescriptions"":[""Lisinopril"",""Saline IV""],""last_visit"":""2025-09-25"",""cond"":""Pneumonia""}"
P1081,Patient P1081,H100,32387502,A-,None,,2025-10-24,Diabetes,"{""patient_id"":""P1081"",""blood_type"":""A-"",""allergies"":""None"",""active_prescriptions"":[],""last_visit"":""2025-10-24"",""cond"":""Diabetes""}"
P1082,Patient P1082,H100,68a1a912,B+,Peanuts,Paracetamol,2025-10-05,Pneumonia,"{""patient_id"":""P1082"",""blood_type"":""B+"",""allergies"":""Peanuts"",""active_prescriptions"":[""Paracetamol""],""last_visit"":""2025-10-05"",""cond"":""Pneumonia""}"
P1083,Patient P1083,H102,4d7aaecc,A+,None,Paracetamol,2025-10-19,Hypertension,"{""patient_id"":""P1083"",""blood_type"":""A+"",""allergies"":""None"",""active_prescriptions"":[""Paracetamol""],""last_visit"":""2025-10-19"",""cond"":""Hypertension""}"
P1084,Patient P1084,H102,0d114a53,O-,None,,2025-11-20,Fracture,"{""patient_id"":""P1084"",""blood_type"":""O-"",""allergies"":""None"",""active_prescriptions"":[],""last_visit"":""2025-11-20"",""cond"":""Fracture""}"
P1085,Patient P1085,H100,32387502,A-,None,Saline IV,2025-11-14,Pneumonia,"{""patient_id"":""P1085"",""blood_type"":""A-"",""allergies"":""None"",""active_prescriptions"":[""Saline IV""],""last_visit"":""2025-11-14"",""cond"":""Pneumonia""}"
P1086,Patient P1086,H100,1ff87cd5,B-,None,,2025-11-06,Fracture,"{""patient_id"":""P1086"",""blood_type"":""B-"",""allergies"":""None"",""active_prescriptions"":[],""last_visit"":""2025-11-06"",""cond"":""Fracture""}"
P1087,Patient P1087,H102,0d114a53,O+,None,,2025-11-15,Fracture,"{""patient_id"":""P1087"",""blood_type"":""O+"",""allergies"":""None"",""active_prescriptions"":[],""last_visit"":""2025-11-15"",""cond"":""Fracture""}"
P1088,Patient P1088,H101,85b88aad,AB+,None,Amoxicillin,2025-09-25,Pneumonia,"{""patient_id"":""P1088"",""blood_type"":""AB+"",""allergies"":""None"",""active_prescriptions"":[""Amoxicillin""],""last_visit"":""2025-09-25"",""cond"":""Pneumonia""}"
P1089,Patient P1089,H103,5136d91b,O+,None,Insulin,2025-11-03,Fracture,"{""patient_id"":""P1089"",""blood_type"":""O+"",""allergies"":""None"",""active_prescriptions"":[""Insulin""],""last_visit"":""2025-11-03"",""cond"":""Fracture""}"
P1090,Patient P1090,H100,1ff87cd5,B+,Sulfa,,2025-10-26,Infection,"{""patient_id"":""P1090"",""blood_type"":""B+"",""allergies"":""Sulfa"",""active_prescriptions"":[],""last_visit"":""2025-10-26"",""cond"":""Infection""}"
P1091,Patient P1091,H102,0d114a53,B+,Penicillin,,2025-09-29,Pneumonia,"{""patient_id"":""P1091"",""blood_type"":""B+"",""allergies"":""Penicillin"",""active_prescriptions"":[],""last_visit"":""2025-09-29"",""cond"":""Pneumonia""}"
P1092,Patient P1092,H103,34a3b073,O+,None,Antibiotic ointment;Paracetamol,2025-10-26,Diabetes,"{""patient_id"":""P1092"",""blood_type"":""O+"",""allergies"":""None"",""active_prescriptions"":[""Antibiotic ointment"",""Paracetamol""],""last_visit"":""2025-10-26"",""cond"":""Diabetes""}"
P1093,Patient P1093,H102,6d3d117f,AB+,None,,2025-10-23,Pneumonia,"{""patient_id"":""P1093"",""blood_type"":""AB+"",""allergies"":""None"",""active_prescriptions"":[],""last_visit"":""2025-10-23"",""cond"":""Pneumonia""}"
P1094,Patient P1094,H103,5136d91b,B+,None,,2025-11-07,Fracture,"{""patient_id"":""P1094"",""blood_type"":""B+"",""allergies"":""None"",""active_prescriptions"":[],""last_visit"":""2025-11-07"",""cond"":""Fracture""}"
P1095,Patient P1095,H100,68a1a912,A-,None,,2025-10-24,Pregnancy,"{""patient_id"":""P1095"",""blood_type"":""A-"",""allergies"":""None"",""active_prescriptions"":[],""last_visit"":""2025-10-24"",""cond"":""Pregnancy""}"
P1096,Patient P1096,H103,8dad94ab,A-,Peanuts,Lisinopril;Paracetamol,2025-10-02,Trauma,"{""patient_id"":""P1096"",""blood_type"":""A-"",""allergies"":""Peanuts"",""active_prescriptions"":[""Lisinopril"",""Paracetamol""],""last_visit"":""2025-10-02"",""cond"":""Trauma""}"
P1097,Patient P1097,H102,4d7aaecc,O+,Peanuts,,2025-10-18,Hypertension,"{""patient_id"":""P1097"",""blood_type"":""O+"",""allergies"":""Peanuts"",""active_prescriptions"":[],""last_visit"":""2025-10-18"",""cond"":""Hypertension""}"
P1098,Patient P1098,H101,a7ea0cac,O-,None,Paracetamol;Saline IV,2025-10-09,Pneumonia,"{""patient_id"":""P1098"",""blood_type"":""O-"",""allergies"":""None"",""active_prescriptions"":[""Paracetamol"",""Saline IV""],""last_visit"":""2025-10-09"",""cond"":""Pneumonia""}"
P1099,Patient P1099,H103,8dad94ab,A+,Peanuts,,2025-11-08,Pneumonia,"{""patient_id"":""P1099"",""blood_type"":""A+"",""allergies"":""Peanuts"",""active_prescriptions"":[],""last_visit"":""2025-11-08"",""cond"":""Pneumonia""}"
P1100,Patient P1100,H101,85b88aad,B+,Latex,,2025-10-18,Pregnancy,"{""patient_id"":""P1100"",""blood_type"":""B+"",""allergies"":""Latex"",""active_prescriptions"":[],""last_visit"":""2025-10-18"",""cond"":""Pregnancy""}"
P1101,Patient P1101,H102,4d7aaecc,AB+,Peanuts,,2025-10-31,Infection,"{""patient_id"":""P1101"",""blood_type"":""AB+"",""allergies"":""Peanuts"",""active_prescriptions"":[],""last_visit"":""2025-10-31"",""cond"":""Infection""}"
P1102,Patient P1102,H103,8dad94ab,O+,None,Insulin,2025-11-02,Hypertension,"{""patient_id"":""P1102"",""blood_type"":""O+"",""allergies"":""None"",""active_prescriptions"":[""Insulin""],""last_visit"":""2025-11-02"",""cond"":""Hypertension""}"
P1103,Patient P1103,H101,a7ea0cac,O-,Sulfa,Amoxicillin;Saline IV,2025-10-15,Trauma,"{""patient_id"":""P1103"",""blood_type"":""O-"",""allergies"":""Sulfa"",""active_prescriptions"":[""Amoxicillin"",""Saline IV""],""last_visit"":""2025-10-15"",""cond"":""Trauma""}"
P1104,Patient P1104,H100,32387502,A+,None,Lisinopril;Amoxicillin,2025-10-19,Diabetes,"{""patient_id"":""P1104"",""blood_type"":""A+"",""allergies"":""None"",""active_prescriptions"":[""Lisinopril"",""Amoxicillin""],""last_visit"":""2025-10-19"",""cond"":""Diabetes""}"
P1105,Patient P1105,H102,0d114a53,AB+,Peanuts,,2025-10-09,Diabetes,"{""patient_id"":""P1105"",""blood_type"":""AB+"",""allergies"":""Peanuts"",""active_prescriptions"":[],""last_visit"":""2025-10-09"",""cond"":""Diabetes""}"
P1106,Patient P1106,H103,34a3b073,AB+,Peanuts,,2025-10-23,Pneumonia,"{""patient_id"":""P1106"",""blood_type"":""AB+"",""allergies"":""Peanuts"",""active_prescriptions"":[],""last_visit"":""2025-10-23"",""cond"":""Pneumonia""}"
P1107,Patient P1107,H103,8dad94ab,O-,Latex,Amoxicillin,2025-11-15,Fracture,"{""patient_id"":""P1107"",""blood_type"":""O-"",""allergies"":""Latex"",""active_prescriptions"":[""Amoxicillin""],""last_visit"":""2025-11-15"",""cond"":""Fracture""}"
P1108,Patient P1108,H100,68a1a912,AB+,None,,2025-10-10,Hypertension,"{""patient_id"":""P1108"",""blood_type"":""AB+"",""allergies"":""None"",""active_prescriptions"":[],""last_visit"":""2025-10-10"",""cond"":""Hypertension""}"
P1109,Patient P1109,H101,a7ea0cac,B+,Penicillin,,2025-11-07,Hypertension,"{""patient_id"":""P1109"",""blood_type"":""B+"",""allergies"":""Penicillin"",""active_prescriptions"":[],""last_visit"":""2025-11-07"",""cond"":""Hypertension""}"
P1110,Patient P1110,H103,5136d91b,AB+,None,,2025-10-04,Pregnancy,"{""patient_id"":""P1110"",""blood_type"":""AB+"",""allergies"":""None"",""active_prescriptions"":[],""last_visit"":""2025-10-04"",""cond"":""Pregnancy""}"
P1111,Patient P1111,H103,8dad94ab,B+,None,,2025-10-16,Pneumonia,"{""patient_id"":""P1111"",""blood_type"":""B+"",""allergies"":""None"",""active_prescriptions"":[],""last_visit"":""2025-10-16"",""cond"":""Pneumonia""}"
P1112,Patient P1112,H102,6d3d117f,AB+,None,,2025-11-16,Fracture,"{""patient_id"":""P1112"",""blood_type"":""AB+"",""allergies"":""None"",""active_prescriptions"":[],""last_visit"":""2025-11-16"",""cond"":""Fracture""}"
P1113,Patient P1113,H101,f2e2d783,A-,None,Lisinopril,2025-10-18,Hypertension,"{""patient_id"":""P1113"",""blood_type"":""A-"",""allergies"":""None"",""active_prescriptions"":[""Lisinopril""],""last_visit"":""2025-10-18"",""cond"":""Hypertension""}"
P1114,Patient P1114,H101,a7ea0cac,A-,Peanuts,Amoxicillin;Insulin,2025-10-08,Trauma,"{""patient_id"":""P1114"",""blood_type"":""A-"",""allergies"":""Peanuts"",""active_prescriptions"":[""Amoxicillin"",""Insulin""],""last_visit"":""2025-10-08"",""cond"":""Trauma""}"
P1115,Patient P1115,H103,34a3b073,B+,None,,2025-10-03,Infection,"{""patient_id"":""P1115"",""blood_type"":""B+"",""allergies"":""None"",""active_prescriptions"":[],""last_visit"":""2025-10-03"",""cond"":""Infection""}"
P1116,Patient P1116,H101,85b88aad,A-,Peanuts,Antibiotic ointment,2025-10-01,Diabetes,"{""patient_id"":""P1116"",""blood_type"":""A-"",""allergies"":""Peanuts"",""active_prescriptions"":[""Antibiotic ointment""],""last_visit"":""2025-10-01"",""cond"":""Diabetes""}"
P1117,Patient P1117,H100,32387502,B+,Latex,Saline IV;Antibiotic ointment,2025-11-15,Pneumonia,"{""patient_id"":""P1117"",""blood_type"":""B+"",""allergies"":""Latex"",""active_prescriptions"":[""Saline IV"",""Antibiotic ointment""],""last_visit"":""2025-11-15"",""cond"":""Pneumonia""}"
P1118,Patient P1118,H102,6d3d117f,B-,Latex,Saline IV;Antibiotic ointment,2025-11-17,Pregnancy,"{""patient_id"":""P1118"",""blood_type"":""B-"",""allergies"":""Latex"",""active_prescriptions"":[""Saline IV"",""Antibiotic ointment""],""last_visit"":""2025-11-17"",""cond"":""Pregnancy""}"
P1119,Patient P1119,H100,68a1a912,AB+,Peanuts,,2025-11-21,Hypertension,"{""patient_id"":""P1119"",""blood_type"":""AB+"",""allergies"":""Peanuts"",""active_prescriptions"":[],""last_visit"":""2025-11-21"",""cond"":""Hypertension""}"
P1120,Patient P1120,H101,f2e2d783,AB+,Sulfa,,2025-09-23,Hypertension,"{""patient_id"":""P1120"",""blood_type"":""AB+"",""allergies"":""Sulfa"",""active_prescriptions"":[],""last_visit"":""2025-09-23"",""cond"":""Hypertension""}"
P1121,Patient P1121,H102,6d3d117f,AB+,None,Paracetamol,2025-10-25,Trauma,"{""patient_id"":""P1121"",""blood_type"":""AB+"",""allergies"":""None"",""active_prescriptions"":[""Paracetamol""],""last_visit"":""2025-10-25"",""cond"":""Trauma""}"
P1122,Patient P1122,H101,f2e2d783,B+,Latex,Insulin;Paracetamol,2025-11-01,Trauma,"{""patient_id"":""P1122"",""blood_type"":""B+"",""allergies"":""Latex"",""active_prescriptions"":[""Insulin"",""Paracetamol""],""last_visit"":""2025-11-01"",""cond"":""Trauma""}"
P1123,Patient P1123,H100,32387502,O-,None,Amoxicillin;Paracetamol,2025-10-18,Hypertension,"{""patient_id"":""P1123"",""blood_type"":""O-"",""allergies"":""None"",""active_prescriptions"":[""Amoxicillin"",""Paracetamol""],""last_visit"":""2025-10-18"",""cond"":""Hypertension""}"
P1124,Patient P1124,H103,34a3b073,O-,Sulfa,Insulin;Paracetamol,2025-10-01,Hypertension,"{""patient_id"":""P1124"",""blood_type"":""O-"",""allergies"":""Sulfa"",""active_prescriptions"":[""Insulin"",""Paracetamol""],""last_visit"":""2025-10-01"",""cond"":""Hypertension""}"
P1125,Patient P1125,H103,8dad94ab,O+,Latex,Saline IV;Paracetamol,2025-10-05,Hypertension,"{""patient_id"":""P1125"",""blood_type"":""O+"",""allergies"":""Latex"",""active_prescriptions"":[""Saline IV"",""Paracetamol""],""last_visit"":""2025-10-05"",""cond"":""Hypertension""}"
P1126,Patient P1126,H101,85b88aad,B+,Latex,,2025-09-27,Infection,"{""patient_id"":""P1126"",""blood_type"":""B+"",""allergies"":""Latex"",""active_prescriptions"":[],""last_visit"":""2025-09-27"",""cond"":""Infection""}"
P1127,Patient P1127,H103,34a3b073,A-,Peanuts,Antibiotic ointment,2025-10-18,Hypertension,"{""patient_id"":""P1127"",""blood_type"":""A-"",""allergies"":""Peanuts"",""active_prescriptions"":[""Antibiotic ointment""],""last_visit"":""2025-10-18"",""cond"":""Hypertension""}"
P1128,Patient P1128,H103,34a3b073,A+,None,Paracetamol,2025-09-30,Diabetes,"{""patient_id"":""P1128"",""blood_type"":""A+"",""allergies"":""None"",""active_prescriptions"":[""Paracetamol""],""last_visit"":""2025-09-30"",""cond"":""Diabetes""}"
P1129,Patient P1129,H103,5136d91b,B-,None,Paracetamol;Antibiotic ointment,2025-10-24,Pregnancy,"{""patient_id"":""P1129"",""blood_type"":""B-"",""allergies"":""None"",""active_prescriptions"":[""Paracetamol"",""Antibiotic ointment""],""last_visit"":""2025-10-24"",""cond"":""Pregnancy""}"
P1130,Patient P1130,H101,85b88aad,B+,None,Insulin,2025-10-03,Fracture,"{""patient_id"":""P1130"",""blood_type"":""B+"",""allergies"":""None"",""active_prescriptions"":[""Insulin""],""last_visit"":""2025-10-03"",""cond"":""Fracture""}"
P1131,Patient P1131,H103,8dad94ab,AB+,Peanuts,,2025-10-01,Hypertension,"{""patient_id"":""P1131"",""blood_type"":""AB+"",""allergies"":""Peanuts"",""active_prescriptions"":[],""last_visit"":""2025-10-01"",""cond"":""Hypertension""}"
P1132,Patient P1132,H102,6d3d117f,AB+,Latex,Lisinopril;Paracetamol,2025-10-31,Trauma,"{""patient_id"":""P1132"",""blood_type"":""AB+"",""allergies"":""Latex"",""active_prescriptions"":[""Lisinopril"",""Paracetamol""],""last_visit"":""2025-10-31"",""cond"":""Trauma""}"
P1133,Patient P1133,H103,8dad94ab,O-,None,,2025-10-09,Diabetes,"{""patient_id"":""P1133"",""blood_type"":""O-"",""allergies"":""None"",""active_prescriptions"":[],""last_visit"":""2025-10-09"",""cond"":""Diabetes""}"
P1134,Patient P1134,H103,34a3b073,B-,Penicillin,,2025-11-02,Infection,"{""patient_id"":""P1134"",""blood_type"":""B-"",""allergies"":""Penicillin"",""active_prescriptions"":[],""last_visit"":""2025-11-02"",""cond"":""Infection""}"
P1135,Patient P1135,H103,5136d91b,B-,Latex,,2025-10-11,Fracture,"{""patient_id"":""P1135"",""blood_type"":""B-"",""allergies"":""Latex"",""active_prescriptions"":[],""last_visit"":""2025-10-11"",""cond"":""Fracture""}"
P1136,Patient P1136,H101,85b88aad,A-,Sulfa,,2025-10-16,Trauma,"{""patient_id"":""P1136"",""blood_type"":""A-"",""allergies"":""Sulfa"",""active_prescriptions"":[],""last_visit"":""2025-10-16"",""cond"":""Trauma""}"
P1137,Patient P1137,H100,68a1a912,B-,None,Insulin;Lisinopril,2025-10-12,Diabetes,"{""patient_id"":""P1137"",""blood_type"":""B-"",""allergies"":""None"",""active_prescriptions"":[""Insulin"",""Lisinopril""],""last_visit"":""2025-10-12"",""cond"":""Diabetes""}"
P1138,Patient P1138,H100,68a1a912,B+,Peanuts,,2025-10-14,Infection,"{""patient_id"":""P1138"",""blood_type"":""B+"",""allergies"":""Peanuts"",""active_prescriptions"":[],""last_visit"":""2025-10-14"",""cond"":""Infection""}"
P1139,Patient P1139,H103,5136d91b,B-,Peanuts,Antibiotic ointment;Saline IV,2025-10-13,Infection,"{""patient_id"":""P1139"",""blood_type"":""B-"",""allergies"":""Peanuts"",""active_prescriptions"":[""Antibiotic ointment"",""Saline IV""],""last_visit"":""2025-10-13"",""cond"":""Infection""}"
P1140,Patient P1140,H103,5136d91b,O+,None,Lisinopril,2025-09-25,Trauma,"{""patient_id"":""P1140"",""blood_type"":""O+"",""allergies"":""None"",""active_prescriptions"":[""Lisinopril""],""last_visit"":""2025-09-25"",""cond"":""Trauma""}"
P1141,Patient P1141,H101,f2e2d783,O+,None,Antibiotic ointment,2025-11-16,Pneumonia,"{""patient_id"":""P1141"",""blood_type"":""O+"",""allergies"":""None"",""active_prescriptions"":[""Antibiotic ointment""],""last_visit"":""2025-11-16"",""cond"":""Pneumonia""}"
P1142,Patient P1142,H101,f2e2d783,B+,None,Insulin,2025-11-19,Trauma,"{""patient_id"":""P1142"",""blood_type"":""B+"",""allergies"":""None"",""active_prescriptions"":[""Insulin""],""last_visit"":""2025-11-19"",""cond"":""Trauma""}"
P1143,Patient P1143,H102,4d7aaecc,B-,Sulfa,Saline IV,2025-10-10,Fracture,"{""patient_id"":""P1143"",""blood_type"":""B-"",""allergies"":""Sulfa"",""active_prescriptions"":[""Saline IV""],""last_visit"":""2025-10-10"",""cond"":""Fracture""}"
P1144,Patient P1144,H101,a7ea0cac,B-,Sulfa,Saline IV;Lisinopril,2025-11-13,Diabetes,"{""patient_id"":""P1144"",""blood_type"":""B-"",""allergies"":""Sulfa"",""active_prescriptions"":[""Saline IV"",""Lisinopril""],""last_visit"":""2025-11-13"",""cond"":""Diabetes""}"
P1145,Patient P1145,H103,5136d91b,O-,Latex,Antibiotic ointment;Insulin,2025-09-26,Trauma,"{""patient_id"":""P1145"",""blood_type"":""O-"",""allergies"":""Latex"",""active_prescriptions"":[""Antibiotic ointment"",""Insulin""],""last_visit"":""2025-09-26"",""cond"":""Trauma""}"
P1146,Patient P1146,H101,a7ea0cac,O+,Latex,Saline IV;Amoxicillin,2025-10-09,Trauma,"{""patient_id"":""P1146"",""blood_type"":""O+"",""allergies"":""Latex"",""active_prescriptions"":[""Saline IV"",""Amoxicillin""],""last_visit"":""2025-10-09"",""cond"":""Trauma""}"
P1147,Patient P1147,H103,8dad94ab,A-,Latex,Paracetamol;Insulin,2025-10-17,Trauma,"{""patient_id"":""P1147"",""blood_type"":""A-"",""allergies"":""Latex"",""active_prescriptions"":[""Paracetamol"",""Insulin""],""last_visit"":""2025-10-17"",""cond"":""Trauma""}"
P1148,Patient P1148,H102,6d3d117f,AB+,None,Amoxicillin;Insulin,2025-10-10,Fracture,"{""patient_id"":""P1148"",""blood_type"":""AB+"",""allergies"":""None"",""active_prescriptions"":[""Amoxicillin"",""Insulin""],""last_visit"":""2025-10-10"",""cond"":""Fracture""}"
P1149,Patient P1149,H100,1ff87cd5,O-,Peanuts,,2025-10-04,Fracture,"{""patient_id"":""P1149"",""blood_type"":""O-"",""allergies"":""Peanuts"",""active_prescriptions"":[],""last_visit"":""2025-10-04"",""cond"":""Fracture""}"
P1150,Patient P1150,H101,f2e2d783,A-,None,,2025-11-10,Pregnancy,"{""patient_id"":""P1150"",""blood_type"":""A-"",""allergies"":""None"",""active_prescriptions"":[],""last_visit"":""2025-11-10"",""cond"":""Pregnancy""}"
P1151,Patient P1151,H102,6d3d117f,O-,None,,2025-10-10,Fracture,"{""patient_id"":""P1151"",""blood_type"":""O-"",""allergies"":""None"",""active_prescriptions"":[],""last_visit"":""2025-10-10"",""cond"":""Fracture""}"
P1152,Patient P1152,H101,f2e2d783,O-,Latex,Amoxicillin,2025-11-20,Pregnancy,"{""patient_id"":""P1152"",""blood_type"":""O-"",""allergies"":""Latex"",""active_prescriptions"":[""Amoxicillin""],""last_visit"":""2025-11-20"",""cond"":""Pregnancy""}"
P1153,Patient P1153,H102,6d3d117f,A-,None,Amoxicillin;Paracetamol,2025-11-14,Fracture,"{""patient_id"":""P1153"",""blood_type"":""A-"",""allergies"":""None"",""active_prescriptions"":[""Amoxicillin"",""Paracetamol""],""last_visit"":""2025-11-14"",""cond"":""Fracture""}"
P1154,Patient P1154,H102,6d3d117f,B+,None,,2025-11-12,Trauma,"{""patient_id"":""P1154"",""blood_type"":""B+"",""allergies"":""None"",""active_prescriptions"":[],""last_visit"":""2025-11-12"",""cond"":""Trauma""}"
P1155,Patient P1155,H103,8dad94ab,B+,None,,2025-11-15,Pneumonia,"{""patient_id"":""P1155"",""blood_type"":""B+"",""allergies"":""None"",""active_prescriptions"":[],""last_visit"":""2025-11-15"",""cond"":""Pneumonia""}"
P1156,Patient P1156,H100,32387502,A-,None,,2025-10-10,Infection,"{""patient_id"":""P1156"",""blood_type"":""A-"",""allergies"":""None"",""active_prescriptions"":[],""last_visit"":""2025-10-10"",""cond"":""Infection""}"
P1157,Patient P1157,H103,5136d91b,AB+,Penicillin,Insulin;Amoxicillin,2025-10-24,Trauma,"{""patient_id"":""P1157"",""blood_type"":""AB+"",""allergies"":""Penicillin"",""active_prescriptions"":[""Insulin"",""Amoxicillin""],""last_visit"":""2025-10-24"",""cond"":""Trauma""}"
P1158,Patient P1158,H102,6d3d117f,B-,Penicillin,Insulin;Lisinopril,2025-10-14,Pregnancy,"{""patient_id"":""P1158"",""blood_type"":""B-"",""allergies"":""Penicillin"",""active_prescriptions"":[""Insulin"",""Lisinopril""],""last_visit"":""2025-10-14"",""cond"":""Pregnancy""}"
P1159,Patient P1159,H102,6d3d117f,O-,Latex,Antibiotic ointment,2025-09-25,Infection,"{""patient_id"":""P1159"",""blood_type"":""O-"",""allergies"":""Latex"",""active_prescriptions"":[""Antibiotic ointment""],""last_visit"":""2025-09-25"",""cond"":""Infection""}"
P1160,Patient P1160,H102,6d3d117f,A+,Peanuts,Insulin,2025-10-22,Hypertension,"{""patient_id"":""P1160"",""blood_type"":""A+"",""allergies"":""Peanuts"",""active_prescriptions"":[""Insulin""],""last_visit"":""2025-10-22"",""cond"":""Hypertension""}"
P1161,Patient P1161,H100,32387502,A-,Latex,,2025-10-24,Trauma,"{""patient_id"":""P1161"",""blood_type"":""A-"",""allergies"":""Latex"",""active_prescriptions"":[],""last_visit"":""2025-10-24"",""cond"":""Trauma""}"
P1162,Patient P1162,H103,5136d91b,A-,Latex,,2025-10-12,Hypertension,"{""patient_id"":""P1162"",""blood_type"":""A-"",""allergies"":""Latex"",""active_prescriptions"":[],""last_visit"":""2025-10-12"",""cond"":""Hypertension""}"
P1163,Patient P1163,H103,5136d91b,A-,Latex,Insulin;Amoxicillin,2025-10-25,Diabetes,"{""patient_id"":""P1163"",""blood_type"":""A-"",""allergies"":""Latex"",""active_prescriptions"":[""Insulin"",""Amoxicillin""],""last_visit"":""2025-10-25"",""cond"":""Diabetes""}"
P1164,Patient P1164,H102,0d114a53,B+,Sulfa,,2025-09-26,Infection,"{""patient_id"":""P1164"",""blood_type"":""B+"",""allergies"":""Sulfa"",""active_prescriptions"":[],""last_visit"":""2025-09-26"",""cond"":""Infection""}"
P1165,Patient P1165,H102,0d114a53,O-,None,Insulin,2025-10-24,Hypertension,"{""patient_id"":""P1165"",""blood_type"":""O-"",""allergies"":""None"",""active_prescriptions"":[""Insulin""],""last_visit"":""2025-10-24"",""cond"":""Hypertension""}"
P1166,Patient P1166,H101,f2e2d783,A+,Penicillin,,2025-10-03,Trauma,"{""patient_id"":""P1166"",""blood_type"":""A+"",""allergies"":""Penicillin"",""active_prescriptions"":[],""last_visit"":""2025-10-03"",""cond"":""Trauma""}"
P1167,Patient P1167,H101,a7ea0cac,A-,Penicillin,,2025-09-30,Fracture,"{""patient_id"":""P1167"",""blood_type"":""A-"",""allergies"":""Penicillin"",""active_prescriptions"":[],""last_visit"":""2025-09-30"",""cond"":""Fracture""}"
P1168,Patient P1168,H101,f2e2d783,O-,None,Amoxicillin,2025-10-03,Pregnancy,"{""patient_id"":""P1168"",""blood_type"":""O-"",""allergies"":""None"",""active_prescriptions"":[""Amoxicillin""],""last_visit"":""2025-10-03"",""cond"":""Pregnancy""}"
P1169,Patient P1169,H100,68a1a912,A-,None,,2025-10-19,Trauma,"{""patient_id"":""P1169"",""blood_type"":""A-"",""allergies"":""None"",""active_prescriptions"":[],""last_visit"":""2025-10-19"",""cond"":""Trauma""}"
P1170,Patient P1170,H101,a7ea0cac,A+,None,,2025-11-22,Trauma,"{""patient_id"":""P1170"",""blood_type"":""A+"",""allergies"":""None"",""active_prescriptions"":[],""last_visit"":""2025-11-22"",""cond"":""Trauma""}"
P1171,Patient P1171,H101,f2e2d783,A+,None,Amoxicillin,2025-10-06,Pneumonia,"{""patient_id"":""P1171"",""blood_type"":""A+"",""allergies"":""None"",""active_prescriptions"":[""Amoxicillin""],""last_visit"":""2025-10-06"",""cond"":""Pneumonia""}"
P1172,Patient P1172,H100,1ff87cd5,AB+,Penicillin,Amoxicillin;Saline IV,2025-10-25,Pregnancy,"{""patient_id"":""P1172"",""blood_type"":""AB+"",""allergies"":""Penicillin"",""active_prescriptions"":[""Amoxicillin"",""Saline IV""],""last_visit"":""2025-10-25"",""cond"":""Pregnancy""}"
P1173,Patient P1173,H101,f2e2d783,A+,Latex,Paracetamol;Insulin,2025-09-29,Pneumonia,"{""patient_id"":""P1173"",""blood_type"":""A+"",""allergies"":""Latex"",""active_prescriptions"":[""Paracetamol"",""Insulin""],""last_visit"":""2025-09-29"",""cond"":""Pneumonia""}"
P1174,Patient P1174,H103,5136d91b,B+,Sulfa,Insulin;Antibiotic ointment,2025-11-13,Hypertension,"{""patient_id"":""P1174"",""blood_type"":""B+"",""allergies"":""Sulfa"",""active_prescriptions"":[""Insulin"",""Antibiotic ointment""],""last_visit"":""2025-11-13"",""cond"":""Hypertension""}"
P1175,Patient P1175,H101,85b88aad,AB+,Sulfa,,2025-10-08,Trauma,"{""patient_id"":""P1175"",""blood_type"":""AB+"",""allergies"":""Sulfa"",""active_prescriptions"":[],""last_visit"":""2025-10-08"",""cond"":""Trauma""}"
P1176,Patient P1176,H103,5136d91b,B-,Sulfa,,2025-10-15,Pneumonia,"{""patient_id"":""P1176"",""blood_type"":""B-"",""allergies"":""Sulfa"",""active_prescriptions"":[],""last_visit"":""2025-10-15"",""cond"":""Pneumonia""}"
P1177,Patient P1177,H100,1ff87cd5,B-,None,Paracetamol,2025-10-27,Trauma,"{""patient_id"":""P1177"",""blood_type"":""B-"",""allergies"":""None"",""active_prescriptions"":[""Paracetamol""],""last_visit"":""2025-10-27"",""cond"":""Trauma""}"
P1178,Patient P1178,H103,8dad94ab,B-,Peanuts,Amoxicillin,2025-10-11,Trauma,"{""patient_id"":""P1178"",""blood_type"":""B-"",""allergies"":""Peanuts"",""active_prescriptions"":[""Amoxicillin""],""last_visit"":""2025-10-11"",""cond"":""Trauma""}"
P1179,Patient P1179,H102,0d114a53,B-,Penicillin,,2025-11-17,Fracture,"{""patient_id"":""P1179"",""blood_type"":""B-"",""allergies"":""Penicillin"",""active_prescriptions"":[],""last_visit"":""2025-11-17"",""cond"":""Fracture""}"
P1180,Patient P1180,H100,32387502,A+,Sulfa,Lisinopril;Saline IV,2025-10-18,Pregnancy,"{""patient_id"":""P1180"",""blood_type"":""A+"",""allergies"":""Sulfa"",""active_prescriptions"":[""Lisinopril"",""Saline IV""],""last_visit"":""2025-10-18"",""cond"":""Pregnancy""}"
P1181,Patient P1181,H102,6d3d117f,O-,None,Antibiotic ointment;Paracetamol,2025-11-19,Trauma,"{""patient_id"":""P1181"",""blood_type"":""O-"",""allergies"":""None"",""active_prescriptions"":[""Antibiotic ointment"",""Paracetamol""],""last_visit"":""2025-11-19"",""cond"":""Trauma""}"
P1182,Patient P1182,H102,4d7aaecc,O+,Latex,Lisinopril,2025-11-08,Fracture,"{""patient_id"":""P1182"",""blood_type"":""O+"",""allergies"":""Latex"",""active_prescriptions"":[""Lisinopril""],""last_visit"":""2025-11-08"",""cond"":""Fracture""}"
P1183,Patient P1183,H100,68a1a912,B+,Penicillin,,2025-10-05,Trauma,"{""patient_id"":""P1183"",""blood_type"":""B+"",""allergies"":""Penicillin"",""active_prescriptions"":[],""last_visit"":""2025-10-05"",""cond"":""Trauma""}"
P1184,Patient P1184,H101,85b88aad,O-,None,,2025-10-14,Pregnancy,"{""patient_id"":""P1184"",""blood_type"":""O-"",""allergies"":""None"",""active_prescriptions"":[],""last_visit"":""2025-10-14"",""cond"":""Pregnancy""}"
P1185,Patient P1185,H100,1ff87cd5,O-,None,,2025-11-05,Hypertension,"{""patient_id"":""P1185"",""blood_type"":""O-"",""allergies"":""None"",""active_prescriptions"":[],""last_visit"":""2025-11-05"",""cond"":""Hypertension""}"
P1186,Patient P1186,H101,85b88aad,B+,Peanuts,,2025-10-31,Hypertension,"{""patient_id"":""P1186"",""blood_type"":""B+"",""allergies"":""Peanuts"",""active_prescriptions"":[],""last_visit"":""2025-10-31"",""cond"":""Hypertension""}"
P1187,Patient P1187,H101,a7ea0cac,B-,Penicillin,,2025-11-13,Infection,"{""patient_id"":""P1187"",""blood_type"":""B-"",""allergies"":""Penicillin"",""active_prescriptions"":[],""last_visit"":""2025-11-13"",""cond"":""Infection""}"
P1188,Patient P1188,H100,32387502,A-,Latex,,2025-10-27,Pneumonia,"{""patient_id"":""P1188"",""blood_type"":""A-"",""allergies"":""Latex"",""active_prescriptions"":[],""last_visit"":""2025-10-27"",""cond"":""Pneumonia""}"
P1189,Patient P1189,H102,0d114a53,A+,Penicillin,Saline IV;Antibiotic ointment,2025-11-13,Diabetes,"{""patient_id"":""P1189"",""blood_type"":""A+"",""allergies"":""Penicillin"",""active_prescriptions"":[""Saline IV"",""Antibiotic ointment""],""last_visit"":""2025-11-13"",""cond"":""Diabetes""}"
P1190,Patient P1190,H100,1ff87cd5,B-,Sulfa,Antibiotic ointment;Paracetamol,2025-10-25,Pneumonia,"{""patient_id"":""P1190"",""blood_type"":""B-"",""allergies"":""Sulfa"",""active_prescriptions"":[""Antibiotic ointment"",""Paracetamol""],""last_visit"":""2025-10-25"",""cond"":""Pneumonia""}"
P1191,Patient P1191,H102,0d114a53,A+,Peanuts,,2025-10-26,Hypertension,"{""patient_id"":""P1191"",""blood_type"":""A+"",""allergies"":""Peanuts"",""active_prescriptions"":[],""last_visit"":""2025-10-26"",""cond"":""Hypertension""}"
P1192,Patient P1192,H102,6d3d117f,B-,Sulfa,,2025-10-11,Trauma,"{""patient_id"":""P1192"",""blood_type"":""B-"",""allergies"":""Sulfa"",""active_prescriptions"":[],""last_visit"":""2025-10-11"",""cond"":""Trauma""}"
P1193,Patient P1193,H100,32387502,A-,Peanuts,Insulin,2025-09-23,Diabetes,"{""patient_id"":""P1193"",""blood_type"":""A-"",""allergies"":""Peanuts"",""active_prescriptions"":[""Insulin""],""last_visit"":""2025-09-23"",""cond"":""Diabetes""}"
P1194,Patient P1194,H101,85b88aad,B-,None,Insulin,2025-10-26,Diabetes,"{""patient_id"":""P1194"",""blood_type"":""B-"",""allergies"":""None"",""active_prescriptions"":[""Insulin""],""last_visit"":""2025-10-26"",""cond"":""Diabetes""}"
P1195,Patient P1195,H101,85b88aad,A-,Sulfa,,2025-10-18,Fracture,"{""patient_id"":""P1195"",""blood_type"":""A-"",""allergies"":""Sulfa"",""active_prescriptions"":[],""last_visit"":""2025-10-18"",""cond"":""Fracture""}"
P1196,Patient P1196,H102,0d114a53,A+,Latex,Paracetamol,2025-09-25,Hypertension,"{""patient_id"":""P1196"",""blood_type"":""A+"",""allergies"":""Latex"",""active_prescriptions"":[""Paracetamol""],""last_visit"":""2025-09-25"",""cond"":""Hypertension""}"
P1197,Patient P1197,H102,6d3d117f,B+,Penicillin,Antibiotic ointment;Paracetamol,2025-10-28,Hypertension,"{""patient_id"":""P1197"",""blood_type"":""B+"",""allergies"":""Penicillin"",""active_prescriptions"":[""Antibiotic ointment"",""Paracetamol""],""last_visit"":""2025-10-28"",""cond"":""Hypertension""}"
P1198,Patient P1198,H102,0d114a53,AB+,Latex,,2025-09-30,Infection,"{""patient_id"":""P1198"",""blood_type"":""AB+"",""allergies"":""Latex"",""active_prescriptions"":[],""last_visit"":""2025-09-30"",""cond"":""Infection""}"
P1199,Patient P1199,H102,0d114a53,B-,Sulfa,Lisinopril,2025-10-28,Pregnancy,"{""patient_id"":""P1199"",""blood_type"":""B-"",""allergies"":""Sulfa"",""active_prescriptions"":[""Lisinopril""],""last_visit"":""2025-10-28"",""cond"":""Pregnancy""}"
